Phylum,ocean_metaphlan,ocean_kraken,ocean_kaiju,ocean_kaiju_euk,ocean_gottcha,nt_rpm,nr_rpm,pam_rel_abd
Actinobacteria,0.002968270466313947,,0.007750982808191046,0.007472276007745115,,,,0.0028307365625758188
Bacteroidetes,0.04187122093889792,,0.08467758023822097,0.08406031801912808,0.004003813177759811,,,0.019845061059386954
Cyanobacteria,0.00019290699596778807,0.0012418586090725912,0.003621428152320601,0.0015871618846447222,9.687259927138427e-05,,,0.06584493851033973
Firmicutes,0.0018533468045801554,0.002071113875882085,0.00181892859238397,0.001348354162999472,,,,0.005645028124330514
Proteobacteria,0.09530832377295832,0.09970115008487647,0.24220383735257878,0.24040368479727747,0.035146564252790426,,,0.033676264164383324
Rhodothermaeota,3.262488424135113e-07,,0.0006401455142873907,0.0006395587631285572,,,,
Tenericutes,7.681438098086352e-05,,8.33186645543625e-05,4.517983923018248e-05,,,,0.00011894466347333285
Thermodesulfobacteria,0.0008077137141148188,,5.6328111248019714e-05,5.45678577715191e-05,,,,
4572-55,,1.5255527444312483e-06,,,,,,
AABM5-125-24,,7.041012666605762e-07,,,,,,
AB1-6,,8.214514777706722e-07,,,,,,
ARS69,,1.7602531666514405e-07,,,,,,
Acidobacteriota,,0.00033204242233601675,,,,2.0918694265319474e-06,0.0,0.0004341592853768575
Actinobacteriota,,0.005139880571516651,,,,,,0.0002985443470985499
Aenigmarchaeota,,2.347004222201921e-06,,,,,,0.0012599573916786944
Aerophobota,,5.867510555504802e-07,,,,,,
Altiarchaeota,,3.285805911082689e-06,,,,,,
Aquificota,,1.6135654027638203e-05,,,,,,2.258371688106367e-05
Armatimonadota,,2.1181713105372335e-05,,,,,,3.998613213355413e-06
Asgardarchaeota,,1.2556472588780275e-05,,,,,,
BMS3Abin14,,1.9362784833165845e-06,,,,,,
Bacteroidota,,0.03851662761545016,,,,0.007030598820121664,0.11234036110285403,0.040522960037071086
Bdellovibrionota,,0.00011500320688789411,,,,2.6148367831649337e-07,8.71612261054978e-08,0.00040971705812902295
Bdellovibrionota_A,,4.107257388853361e-07,,,,,,
Bdellovibrionota_B,,1.2556472588780275e-05,,,,,,
Binatota,,1.243912237767018e-05,,,,,,
Bipolaricaulota,,3.5205063333028808e-06,,,,,,
CG03,,7.627763722156242e-07,,,,,,
CG2-30-53-67,,9.388016888807683e-07,,,,,,
CG2-30-70-394,,7.627763722156242e-07,,,,,,
Caldatribacteriota,,9.035966255477395e-06,,,,,,
Caldisericota,,3.989907177743265e-06,,,,,,4.7363855104674684e-05
Calditrichota,,2.2296540110918245e-06,,,,1.1330959393714712e-06,8.71612261054978e-08,2.038729553851633e-05
Calescibacterota,,5.867510555504802e-07,,,,,,
Campylobacterota,,0.0003415477894359345,,,,5.229673566329867e-07,0.0,0.00029370095644575326
Chloroflexota,,0.0002447925403756603,,,,3.747932722536406e-05,0.00010860288772745028,0.00019131393078546956
Chloroflexota_A,,2.5464995810890838e-05,,,,,,
Chloroflexota_B,,3.520506333302881e-07,,,,,,
Chrysiogenetota,,1.4668776388762004e-06,,,,,,
Cloacimonadota,,1.4140700438766572e-05,,,,,,
Coprothermobacterota,,7.627763722156243e-07,5.867511588335387e-07,5.867511588335387e-07,,,,3.942294717392661e-07
Crenarchaeota,,0.0001819515023262039,1.1735023176670774e-05,8.214516223669542e-06,,,,2.0894162002181103e-05
DTU030,,2.3470042222019206e-07,,,,,,
Dadabacteria,,1.0033443049913211e-05,,,,,,4.618116668945688e-06
Deferribacterota,,1.660505487207859e-05,,,,,,2.083784350621835e-06
Deferrisomatota,,2.9337552777524008e-06,,,,,,
Deinococcota,,4.2656801738519906e-05,,,,,,3.215786119473156e-05
Delongbacteria,,2.992430383307449e-06,,,,,,
Dependentiae,,1.9069409305390606e-05,,,,,,4.826495104007872e-05
Desantisbacteria,,1.4668776388762004e-06,,,,,,
Desulfobacterota,,0.0009240155622808961,,,,,,2.033097704255358e-05
Desulfobacterota_A,,8.607637984925544e-05,,,,,,
Desulfuromonadota,,0.00012104674276006406,,,,,,
Dictyoglomota,,2.816405066642305e-06,,,,,,
Dormibacterota,,2.1181713105372335e-05,,,,,,
EX4484-52,,2.3470042222019206e-07,,,,,,
Edwardsbacteria,,1.4082025333211524e-06,,,,,,
Eisenbacteria,,2.523029538867065e-06,,,,,,
Elusimicrobiota,,3.426626164414804e-05,,,,,,7.321404475157799e-07
Eremiobacterota,,1.9362784833165846e-05,,,,,,
Euryarchaeota,,8.947953597144823e-05,0.00019304113125623423,0.00015842281288505546,,3.512597412051562e-05,0.00698597227235565,0.0024861800042757
FCPU426,,1.6429029555413445e-06,,,,,,1.1263699192550459e-07
FEN-1099,,1.7602531666514404e-06,,,,,,
Fermentibacterota,,2.2883291166468726e-06,,,,,,
Fibrobacterota,,3.4442286960813185e-05,,,,,,9.179914841928625e-06
Firestonebacteria,,1.9949535888716326e-06,,,,,,
Firmicutes_A,,0.0016418468036413535,,,,,,
Firmicutes_B,,0.0001563104811986479,,,,,,
Firmicutes_C,,9.816345159359532e-05,,,,,,
Firmicutes_D,,1.1558995794344459e-05,,,,,,
Firmicutes_E,,1.0678869211018739e-05,,,,,,
Firmicutes_F,,3.8549544349666545e-05,,,,,,
Firmicutes_G,,2.0242911416491564e-05,,,,,,
Firmicutes_H,,1.2908523222110563e-06,,,,,,
Firmicutes_I,,0.00029701338431965303,,,,,,
Firmicutes_J,,2.816405066642305e-06,,,,,,
Firmicutes_K,,1.7309156138739165e-05,,,,,,
Fusobacteriota,,0.00010884232080461407,,,,,,8.245027808946936e-05
GCA-001730085,,9.388016888807683e-07,,,,,,
GWC2-55-46,,3.403156122192785e-06,,,,,,
Gemmatimonadota,,8.191044735484703e-05,,,,,,0.000104132899035129
Gemmatimonadota_A,,1.0561518999908643e-06,,,,,,
Goldbacteria,,1.5255527444312486e-06,,,,,,
Hadarchaeota,,2.933755277752401e-07,,,,,,
Halobacterota,,0.00022108779773142093,,,,,,
Huberarchaeaota,,6.454261611055282e-07,,,,,,
Hydrogenedentota,,4.283282705518505e-06,,,,,,
Hydrothermarchaeota,,1.5255527444312486e-06,,,,,,
Iainarchaeota,,3.285805911082689e-06,,,,,,
KSB1,,4.400632916628601e-06,,,,,,
Krumholzibacteriota,,5.984860766614898e-06,,,,,,
Latescibacterota,,1.0444168788798546e-05,,,,,,1.2953254071433028e-06
Lindowbacteria,,6.454261611055282e-07,,,,,,
MBNT15,,6.4542616110552816e-06,,,,,,1.914828862733578e-06
Margulisbacteria,,4.916973845513023e-05,,,,,,2.421695326398349e-06
Marinisomatota,,7.305050641603479e-05,,,,,,
Methylomirabilota,,4.717478486625861e-05,,,,,,
Micrarchaeota,,3.637856544412977e-06,,,,,,
Moduliflexota,,4.752683549958889e-06,,,,,,
Muirbacteria,,1.5842278499862965e-06,,,,,,
Myxococcota,,0.0002488997977645137,,,,,,0.00015391844946620204
Nanoarchaeota,,5.521327432730018e-05,5.867511588335387e-07,5.867511588335387e-07,,1.5427537020673112e-05,3.9222551747474015e-06,3.942294717392661e-07
Nanohaloarchaeota,,1.0561518999908643e-06,,,,,,1.689554878882569e-07
Nitrospinota,,2.7753324927537713e-05,,,,,,6.701901019567524e-06
Nitrospirota,,0.0001097224473879398,,,,,,9.990901183792258e-05
Nitrospirota_A,,1.5842278499862963e-06,,,,,,
O2-12-FULL-43-9,,2.4056793277569685e-06,,,,,,
OLB16,,8.801265833257202e-07,,,,,,
Omnitrophota,,3.209528273861127e-05,,,,,,
Patescibacteria,,0.00031338373876951147,,,,,,0.00039107563596535195
Planctomycetota,,0.000608460844605848,,,,7.635323406841609e-05,0.019658604419512293,0.0020518517634109546
Poribacteria,,1.2321772166560084e-05,,,,,,
RBG-13-61-14,,8.801265833257202e-07,,,,,,
RBG-13-66-14,,4.107257388853361e-07,,,,,,
RUG730,,8.801265833257202e-07,,,,,,
Ratteibacteria,,4.6940084444038413e-07,,,,,,
Riflebacteria,,5.6914852388396575e-06,,,,,,
SAR324,,4.9873839721790815e-05,,,,,,
SM23-31,,8.801265833257202e-07,,,,,,
SZUA-182,,1.5255527444312486e-06,,,,,,
SZUA-79,,5.867510555504802e-07,,,,,,
Schekmanbacteria,,1.5842278499862963e-06,,,,,,1.7458733748453212e-06
Spirochaetota,,0.00018893383988725462,,,,0.0,4.79386743580238e-06,0.0002190226307991437
Sumerlaeota,,1.9362784833165845e-06,,,,,,
Synergistota,,1.7074455716518974e-05,,,,,,1.6332363829198167e-06
TA06,,7.627763722156242e-07,,,,,,
TA06_A,,7.041012666605762e-07,,,,,,
Tectomicrobia,,3.931232072188217e-06,,,,,,3.2664727658396335e-06
Thermodesulfobiota,,1.4668776388762004e-06,,,,,,
Thermoplasmatota,,0.000147861265998721,,,,,,0.0009649047913298351
Thermosulfidibacterota,,1.7602531666514405e-07,,,,,,1.1263699192550459e-07
Thermotogota,,4.6822734232928315e-05,,,,6.101285827384846e-07,8.71612261054978e-08,2.4554864239760003e-05
UAP2,,5.867510555504802e-07,,,,,,
UBA10199,,5.1047341832891775e-06,,,,,,
UBA2233,,2.933755277752401e-07,,,,,,
UBA6262,,3.520506333302881e-07,,,,,,
UBA8248,,4.694008444403842e-06,,,,,,
UBA8481,,5.867510555504802e-07,,,,,,
UBA9089,,1.2908523222110565e-06,,,,,,
UBP13,,3.520506333302881e-07,,,,,,
UBP14,,7.041012666605762e-07,,,,,,
UBP15,,3.520506333302881e-07,,,,,,
UBP17,,4.224607599963457e-06,,,,,,
UBP18,,1.7602531666514405e-07,,,,,,
UBP3,,1.5255527444312483e-06,,,,,,
UBP4,,1.1735021111009604e-06,,,,,,
UBP6,,1.6429029555413445e-06,,,,,,
UBP7,,3.755206755523073e-06,,,,,,
UBP7_A,,4.107257388853361e-07,,,,,,
Verrucomicrobiota,,0.0007302116886325725,,,,0.00018870405451840277,2.6148367831649343e-06,0.0015766362944772505
Verrucomicrobiota_A,,5.321832073842855e-05,,,,,,
WOR-3,,3.755206755523073e-06,,,,,,
WOR-3_A,,2.4643544333120167e-06,,,,,,
WOR-3_B,,4.987383972179081e-06,,,,,,
Wallbacteria,,1.5255527444312486e-06,,,,,,
Zixibacteria,,7.627763722156242e-06,,,,,,1.0137329273295414e-06
unclassified,,,0.6320049287097342,0.61541747344951,,,,
cannot be assigned to a (non-viral) phylum,,,0.00870151968550138,0.009967728686264155,,,,
Planctomycetes,,,0.005416299947192396,0.005332981282638033,,,,0.0013395917449700262
Verrucomicrobia,,,0.0053124449920788595,0.005274892917913513,,,,0.002117406492711598
Chloroflexi,,,0.001205773631402922,0.0011060259344012205,,,,0.00037581332355944607
Viruses,,,0.001113066948307223,0.0010567388370592032,,,,
Acidobacteria,,,0.0007821392947251071,0.0007457607228774277,,,,0.00041979806890635565
Nitrospirae,,,0.00042539459015431555,0.0004107258111834771,,,,6.887752056244607e-05
Candidatus Thermoplasmatota,,,0.0003972305345303057,4.40063369125154e-05,,2.091869426531947e-06,0.0,
Spirochaetes,,,0.00036026521152379275,0.00032506014199378046,,,,
Thaumarchaeota,,,0.0003391421698057854,0.0003362084140116177,4.8876362927354996e-05,,,0.00024549232390163727
Gemmatimonadetes,,,0.00029630933521093705,0.00028574781435193337,,,,0.0002282025456410723
Ignavibacteriae,,,0.00017074458722055977,0.0001531420524555536,,,,1.1657928664289726e-05
Candidatus Gracilibacteria,,,0.00015431555477322066,0.0001531420524555536,,,,0.000385612741856965
Kiritimatiellaeota,,,0.0001320190107375462,0.00013143225957871268,,,,
Chlamydiae,,,0.00012556474799037728,9.153318077803204e-05,,,,4.3421560387282025e-05
Lentisphaerae,,,0.00011793698292554128,0.00011265622249603943,,,,9.315079232239231e-05
Balneolaeota,,,0.00011735023176670773,0.00011441647597254005,,,,
Armatimonadetes,,,0.0001032682039547028,9.85741946840345e-05,,,,1.2784298583544772e-05
Deinococcus-Thermus,,,8.918617614269788e-05,7.979815760136127e-05,,,,2.8102929485413397e-05
Calditrichaeota,,,8.859942498386434e-05,8.80126738250308e-05,,,,
Nitrospinae,,,8.80126738250308e-05,8.214516223669541e-05,,,,2.1401028465845874e-06
Candidatus Omnitrophica,,,7.745115296602711e-05,6.688963210702341e-05,,,,
Fusobacteria,,,7.041013906002464e-05,3.63785718476794e-05,,,,0.0002423948066236859
Candidatus Aminicenantes,,,6.454262747168925e-05,6.336912515402218e-05,,,,
Elusimicrobia,,,6.336912515402218e-05,4.459308807134894e-05,,,,1.075683272888569e-05
Candidatus Bathyarchaeota,,,5.5154608930352635e-05,5.2220853136184946e-05,,,,6.195034555902752e-07
Candidatus Marinimicrobia,,,5.45678577715191e-05,4.811359502435017e-05,,,,
Chlorobi,,,5.339435545385202e-05,5.16341019773514e-05,,,,1.0587877240997432e-05
Candidatus Rokubacteria,,,5.280760429501848e-05,5.2220853136184946e-05,,,,
Candidatus Hydrogenedentes,,,4.928709734201725e-05,3.109781141817755e-05,,,,
Candidatus Melainabacteria,,,4.928709734201725e-05,2.347004635334155e-05,,8.71612261054978e-08,0.0,2.478013822361101e-06
candidate division Zixibacteria,,,4.928709734201725e-05,4.811359502435017e-05,,,,
Candidatus Dadabacteria,,,4.811359502435017e-05,4.3419585753681865e-05,,,,
Candidatus Latescibacteria,,,3.813882532418002e-05,3.813882532418002e-05,,,,
Aquificae,,,3.520506953001232e-05,2.347004635334155e-05,,,,9.010959354040367e-07
Candidatus Tectomicrobia,,,2.7577304465176317e-05,2.7577304465176317e-05,,,,
Candidatus Cloacimonetes,,,2.5230299829842165e-05,2.1709792876840933e-05,,,,
Synergistetes,,,2.347004635334155e-05,1.701578360617262e-05,,,,1.2390069111805505e-05
Deferribacteres,,,2.1123041718007393e-05,1.349527665317139e-05,,,,1.8585103667708258e-06
Thermotogae,,,1.9362788241506777e-05,1.4668778970838467e-05,,,,1.5769178869570642e-05
Candidatus Kaiserbacteria,,,1.81892859238397e-05,1.5255530129672007e-05,,,,3.79023477829323e-05
Chrysiogenetes,,,1.81892859238397e-05,8.80126738250308e-06,,,,
Candidatus Peregrinibacteria,,,1.760253476500616e-05,1.4082027812004929e-05,,,,1.9711473586963302e-06
Candidatus Woesebacteria,,,1.6429032447339084e-05,1.5842281288505545e-05,,,,1.1263699192550459e-07
Candidatus Margulisbacteria,,,1.6429032447339084e-05,9.388018541336618e-06,,,,
candidate division WOR-3,,,1.5842281288505545e-05,1.5255530129672007e-05,,,,
Candidatus Poribacteria,,,1.4668778970838467e-05,1.290852549433785e-05,,,,
Candidatus Pacebacteria,,,1.4082027812004929e-05,1.2321774335504313e-05,,,,
Candidatus Thorarchaeota,,,1.349527665317139e-05,1.2321774335504313e-05,,,,
Candidatus Lokiarchaeota,,,1.349527665317139e-05,1.2321774335504313e-05,,8.71612261054978e-08,0.0,
Candidatus Eisenbacteria,,,1.349527665317139e-05,1.2321774335504313e-05,,,,
Candidatus Saccharibacteria,,,1.1735023176670774e-05,1.1148272017837235e-05,,1.743224522109956e-07,0.00023995485546843547,4.584325571368037e-05
Fibrobacteres,,,1.1735023176670774e-05,1.0561520859003696e-05,,,,5.158774230188111e-05
candidate division NC10,,,1.1148272017837235e-05,1.1148272017837235e-05,,,,
Candidatus Sumerlaeota,,,1.1148272017837235e-05,1.0561520859003696e-05,,,,2.9285617900631195e-06
Candidatus Nealsonbacteria,,,1.1148272017837235e-05,1.760253476500616e-06,,,,
Atribacterota,,,1.0561520859003696e-05,8.214516223669542e-06,,,,7.659315450934313e-06
Candidatus Blackallbacteria,,,1.0561520859003696e-05,9.974769700170158e-06,,,,
Candidatus Falkowbacteria,,,1.0561520859003696e-05,4.694009270668309e-06,,,,1.1263699192550459e-07
Candidatus Abyssubacteria,,,9.974769700170158e-06,1.0561520859003696e-05,,,,
Candidatus Aerophobetes,,,9.974769700170158e-06,8.214516223669542e-06,,,,
Candidatus Moranbacteria,,,9.388018541336618e-06,7.041013906002464e-06,,,,
Candidatus Woesearchaeota,,,9.388018541336618e-06,5.867511588335387e-06,,,,
Candidatus Heimdallarchaeota,,,9.388018541336618e-06,8.214516223669542e-06,,,,
Candidatus Roizmanbacteria,,,9.388018541336618e-06,6.454262747168925e-06,,,,
Candidatus Fermentibacteria,,,9.388018541336618e-06,9.388018541336618e-06,,3.486449044219912e-07,1.743224522109956e-07,
Candidatus Parcubacteria,,,9.388018541336618e-06,8.214516223669542e-06,,,,8.954640858077615e-06
Candidatus Aenigmarchaeota,,,8.80126738250308e-06,9.388018541336618e-06,,,,
Candidatus Magasanikbacteria,,,7.627765064836003e-06,7.627765064836003e-06,,,,
Candidatus Bipolaricaulota,,,7.041013906002464e-06,5.867511588335387e-06,,,,
Candidatus Uhrbacteria,,,6.454262747168925e-06,5.867511588335387e-06,,,,
candidate division WWE3,,,5.867511588335387e-06,3.520506953001232e-06,,,,1.8021918708080735e-06
Candidatus Coatesbacteria,,,5.280760429501848e-06,4.694009270668309e-06,,,,
Candidatus Desantisbacteria,,,5.280760429501848e-06,2.3470046353341546e-06,,,,
Candidatus Handelsmanbacteria,,,5.280760429501848e-06,4.694009270668309e-06,,,,
candidate division CPR2,,,4.694009270668309e-06,4.694009270668309e-06,,,,
Candidatus Absconditabacteria,,,4.694009270668309e-06,4.694009270668309e-06,,,,
Candidatus Raymondbacteria,,,4.694009270668309e-06,4.694009270668309e-06,,,,
Candidatus Levybacteria,,,4.107258111834771e-06,3.520506953001232e-06,,,,
Candidatus Buchananbacteria,,,4.107258111834771e-06,5.867511588335387e-07,,,,
Candidatus Altiarchaeota,,,4.107258111834771e-06,2.3470046353341546e-06,,,,
Candidatus Berkelbacteria,,,4.107258111834771e-06,1.760253476500616e-06,,,,2.7596063021748628e-06
Candidatus Schekmanbacteria,,,4.107258111834771e-06,4.107258111834771e-06,,,,
Candidatus Kapabacteria,,,4.107258111834771e-06,4.107258111834771e-06,,,,
Caldiserica,,,3.520506953001232e-06,2.3470046353341546e-06,,,,2.309058334472844e-06
Candidatus Gottesmanbacteria,,,3.520506953001232e-06,3.520506953001232e-06,,,,
Candidatus Riflebacteria,,,3.520506953001232e-06,3.520506953001232e-06,,,,
Candidatus Korarchaeota,,,2.9337557941676936e-06,1.1735023176670773e-06,,,,
Candidatus Nanohaloarchaeota,,,2.9337557941676936e-06,2.3470046353341546e-06,,,,
Candidatus Delongbacteria,,,2.9337557941676936e-06,2.9337557941676936e-06,,,,
Candidatus Curtissbacteria,,,2.9337557941676936e-06,5.867511588335387e-07,,,,3.041198781988624e-06
Candidatus Daviesbacteria,,,2.9337557941676936e-06,2.9337557941676936e-06,,,,4.5054796770201837e-07
Candidatus Nomurabacteria,,,2.9337557941676936e-06,2.3470046353341546e-06,,,,2.1964213425473395e-06
Candidatus Odinarchaeota,,,2.9337557941676936e-06,,,,,
Candidatus Zambryskibacteria,,,2.9337557941676936e-06,2.3470046353341546e-06,,,,
Candidatus Kuenenbacteria,,,2.3470046353341546e-06,1.760253476500616e-06,,,,1.1263699192550459e-07
Candidatus Yanofskybacteria,,,2.3470046353341546e-06,1.1735023176670773e-06,,,,
Candidatus Lindowbacteria,,,2.3470046353341546e-06,2.3470046353341546e-06,,,,
Candidatus Giovannonibacteria,,,1.760253476500616e-06,1.1735023176670773e-06,,,,3.210154269876881e-06
Candidatus Diapherotrites,,,1.760253476500616e-06,1.1735023176670773e-06,,,,
Candidatus Shapirobacteria,,,1.760253476500616e-06,5.867511588335387e-07,,,,1.1263699192550459e-07
Candidatus Colwellbacteria,,,1.760253476500616e-06,1.1735023176670773e-06,,,,
Candidatus Kerfeldbacteria,,,1.760253476500616e-06,1.760253476500616e-06,,,,
Candidatus Ryanbacteria,,,1.760253476500616e-06,1.760253476500616e-06,,,,
Candidatus Staskawiczbacteria,,,1.760253476500616e-06,,,,,
Candidatus Terrybacteria,,,1.760253476500616e-06,1.760253476500616e-06,,,,
Candidatus Wildermuthbacteria,,,1.760253476500616e-06,1.760253476500616e-06,,,,
Candidatus Goldbacteria,,,1.760253476500616e-06,1.760253476500616e-06,,,,
Abditibacteriota,,,1.760253476500616e-06,1.760253476500616e-06,,,,3.7170207335416516e-06
Candidatus Mcinerneyibacteriota,,,1.760253476500616e-06,1.760253476500616e-06,,,,
Candidatus Micrarchaeota,,,1.760253476500616e-06,1.1735023176670773e-06,,,,
Candidatus Firestonebacteria,,,1.760253476500616e-06,1.1735023176670773e-06,,,,
Candidatus Glassbacteria,,,1.760253476500616e-06,1.760253476500616e-06,,,,
Candidatus Doudnabacteria,,,1.1735023176670773e-06,5.867511588335387e-07,,,,
Dictyoglomi,,,1.1735023176670773e-06,1.1735023176670773e-06,,,,4.5054796770201837e-07
Candidatus Hydrothermae,,,1.1735023176670773e-06,5.867511588335387e-07,,,,
Candidatus Wolfebacteria,,,1.1735023176670773e-06,1.1735023176670773e-06,,,,1.0700514232922937e-06
Candidatus Komeilibacteria,,,1.1735023176670773e-06,5.867511588335387e-07,,,,
Candidatus Harrisonbacteria,,,1.1735023176670773e-06,1.1735023176670773e-06,,,,
Candidatus Fischerbacteria,,,1.1735023176670773e-06,1.1735023176670773e-06,,,,
Candidatus Spechtbacteria,,,1.1735023176670773e-06,5.867511588335387e-07,,,,
Candidatus Verstraetearchaeota,,,1.1735023176670773e-06,5.867511588335387e-07,,,,
Candidatus Sungbacteria,,,1.1735023176670773e-06,1.1735023176670773e-06,,,,
Candidatus Tagabacteria,,,1.1735023176670773e-06,,,,,
Candidatus Kryptonia,,,1.1735023176670773e-06,1.1735023176670773e-06,,,,
Candidatus Dormibacteraeota,,,1.1735023176670773e-06,1.1735023176670773e-06,,,,
Candidatus Beckwithbacteria,,,5.867511588335387e-07,,,,,
Candidatus Adlerbacteria,,,5.867511588335387e-07,5.867511588335387e-07,,,,1.1263699192550459e-07
Candidatus Jorgensenbacteria,,,5.867511588335387e-07,5.867511588335387e-07,,,,
Candidatus Azambacteria,,,5.867511588335387e-07,,,,,1.914828862733578e-06
Candidatus Campbellbacteria,,,5.867511588335387e-07,5.867511588335387e-07,,,,1.4361216470501836e-05
candidate division CPR3,,,5.867511588335387e-07,5.867511588335387e-07,,,,
Candidatus Andersenbacteria,,,5.867511588335387e-07,,,,,
Candidatus Woykebacteria,,,5.867511588335387e-07,5.867511588335387e-07,,,,
Candidatus Wallbacteria,,,5.867511588335387e-07,5.867511588335387e-07,,,,
Candidatus Liptonbacteria,,,5.867511588335387e-07,,,,,
Candidatus Taylorbacteria,,,5.867511588335387e-07,5.867511588335387e-07,,,,
Candidatus Lloydbacteria,,,5.867511588335387e-07,5.867511588335387e-07,,,,
Candidatus Niyogibacteria,,,5.867511588335387e-07,5.867511588335387e-07,,,,
Candidatus Portnoybacteria,,,5.867511588335387e-07,5.867511588335387e-07,,,,
Candidatus Aureabacteria,,,5.867511588335387e-07,5.867511588335387e-07,,,,
Candidatus Wirthbacteria,,,5.867511588335387e-07,,,,,
Candidatus Yonathbacteria,,,5.867511588335387e-07,5.867511588335387e-07,,,,
candidate division LCP-89,,,5.867511588335387e-07,5.867511588335387e-07,,,,
Candidatus Cryosericota,,,5.867511588335387e-07,5.867511588335387e-07,,0.0,1.769372889941606e-05,
Candidatus Cerribacteria,,,5.867511588335387e-07,5.867511588335387e-07,,,,
Candidatus Muirbacteria,,,5.867511588335387e-07,5.867511588335387e-07,,,,
Bacillariophyta,,,,0.016777562635686204,,0.003134056207075385,0.004465705419515181,0.03449254444486746
Chlorophyta,,,,0.002974828375286041,,6.877020739723776e-05,0.0009130138434550896,0.004504747536572668
Ascomycota,,,,0.0004154198204541454,,0.00564996499861058,0.045700984200217364,0.006862070822085591
Ciliophora,,,,0.00031801912808777797,,,,0.04693791831970839
Oomycota,,,,0.0002258991961509124,,2.1703145300268953e-05,1.6996439090572076e-05,0.00017548843341993616
Basidiomycota,,,,0.00018071935692072993,,0.00013405396575025562,0.04014532764825292,0.004247146736039039
Mucoromycota,,,,0.00015900956404388898,,3.0506429136924234e-06,0.0,0.0005271974407073242
Chytridiomycota,,,,8.80126738250308e-05,,0.005589562268919469,2.701998009270433e-06,0.0008958583152795008
Euglenozoa,,,,8.80126738250308e-05,,5.229673566329868e-07,0.0,0.0026975996381198722
Haptophyta,,,,8.507891803086311e-05,,2.388217595290641e-05,1.743224522109956e-07,0.00034928731196098975
Rhodophyta,,,,7.921140644252773e-05,,2.266191878742943e-06,0.0005155586524140196,9.241865187487652e-05
Apicomplexa,,,,5.398110661268556e-05,,8.71612261054978e-08,8.71612261054978e-08,0.030232388136261026
Evosea,,,,4.8700346183183714e-05,,0.0,1.743224522109956e-07,3.091885428355101e-05
Microsporidia,,,,2.8750806782843397e-05,,3.486449044219912e-07,0.010080108637874717,5.237620124535964e-06
Zoopagomycota,,,,2.8750806782843397e-05,,2.5451078022805363e-05,0.01330211052209055,0.0010918466812298788
Perkinsozoa,,,,1.760253476500616e-05,,,,3.379109757765138e-07
Discosea,,,,1.349527665317139e-05,,,,3.159467623510404e-05
Preaxostyla,,,,1.290852549433785e-05,,,,5.63184959627523e-07
Cryptomycota,,,,1.2321774335504313e-05,,,,0.00018804745801962992
Endomyxa,,,,1.1148272017837235e-05,,,,0.00022014900071839872
Fornicata,,,,9.974769700170158e-06,,,,9.838841244692826e-05
Heterolobosea,,,,9.388018541336618e-06,,,,2.8722432941003674e-06
Blastocladiomycota,,,,8.80126738250308e-06,,3.486449044219912e-07,0.0,3.0186713836035233e-05
Foraminifera,,,,7.627765064836003e-06,,,,0.10208673543981028
Cercozoa,,,,7.041013906002464e-06,,,,0.03282692492676906
Parabasalia,,,,6.454262747168925e-06,,,,1.250270610373101e-05
Imbricatea,,,,5.280760429501848e-06,,,,
Olpidiomycota,,,,2.3470046353341546e-06,,,,
Tubulinea,,,,1.1735023176670773e-06,,0.0,8.71612261054978e-08,0.0006839318149716639
Caudovirales,,,,,2.50542700720055e-05,,,
Dinodnavirus,,,,,1.7602531666514405e-07,,,
Phycodnaviridae,,,,,4.107257388853361e-07,,,
Mimiviridae,,,,,2.3470042222019206e-07,,,
Actinomycetota,,,,,,0.002164387566651722,0.02716963591792746,0.0044880772617676935
Annelida,,,,,,2.2661918787429427e-06,0.0004099192463741563,0.0005001645626452032
Arthropoda,,,,,,6.266892156985293e-05,0.008454900415911605,0.04763621135115055
Bacillota,,,,,,0.005955900902240878,0.11215331311163164,0.0028730880715398086
Candidatus Cloacimonadota,,,,,,1.516605334235662e-05,3.486449044219912e-07,5.63184959627523e-07
Candidatus Kryptoniota,,,,,,0.0,1.743224522109956e-07,
Candidatus Methylomirabilota,,,,,,3.486449044219912e-07,0.0,9.010959354040367e-07
Candidatus Parvarchaeota,,,,,,0.0,3.634623128599259e-05,1.1826884152177984e-06
Cnidaria,,,,,,1.2987022689719174e-05,0.001793778033251145,0.0010314169350618455
Cyanobacteriota,,,,,,0.0034263077982071193,0.003376451576874775,0.000660503320651159
Kiritimatiellota,,,,,,1.0459347132659735e-06,1.743224522109956e-07,4.2126234980138716e-05
Mollusca,,,,,,8.105994027811297e-06,0.0,0.0002619936432187237
Mycoplasmatota,,,,,,8.71612261054978e-08,0.0,0.0001765021663472657
Nematoda,,,,,,4.183738853063895e-06,5.142512340224372e-06,0.013900869084502299
Nitrososphaerota,,,,,,8.193155253916795e-06,1.830385748215454e-06,0.0005425160716091929
Nucleocytoviricota,,,,,,2.353353104848441e-06,9.239089967182768e-06,
Placozoa,,,,,,4.35806130527489e-07,8.71612261054978e-08,
Platyhelminthes,,,,,,1.1330959393714716e-06,0.0,0.013246955027878782
Pseudomonadota,,,,,,0.015235869484467125,0.13887668355189894,0.15108112363959858
Rhodothermota,,,,,,8.193155253916795e-06,0.0,0.00010238702566028368
Rotifera,,,,,,2.1354500395846964e-05,4.00070027824235e-05,8.622361731897378e-05
Streptophyta,,,,,,0.0002681950927266168,0.00011113056328450972,0.22741189027625122
Tardigrada,,,,,,0.0,6.014124601279349e-06,7.490359963046056e-06
Thermodesulfobacteriota,,,,,,0.0004672713331515738,0.0038976757089856516,0.002097920293108486
Thermomicrobiota,,,,,,0.0028947986414157934,0.0,5.9134420760889916e-06
Thermoproteota,,,,,,8.71612261054978e-08,8.71612261054978e-08,0.0005691547201995748
Uroviricota,,,,,,0.002809119156154089,0.0020007859452517026,
SAR,,,,,,,,0.0303967818259763
Saccharibacteria,,,,,,,,0.013710568886644159
Chordata,,,,,,,,0.01135228818669987
Gastrotricha,,,,,,,,0.005068777273639633
Amoebozoa,,,,,,,,0.004858202417234902
Xenacoelomorpha,,,,,,,,0.003354329619541527
Archaeplastida,,,,,,,,0.0012214918589361346
Candidatus Collierbacteria,,,,,,,,0.000943785355343803
Bathyarchaeota,,,,,,,,0.0009335917075745449
Choanoflagellida,,,,,,,,0.0008227569075198483
Metazoa (Animalia),,,,,,,,0.0006687258210617208
Microgenomates,,,,,,,,0.000583403299678151
Lokiarchaeota,,,,,,,,0.0005149200085874442
Priapulida,,,,,,,,0.0004680067014504716
Methanobacteriota,,,,,,,,0.0004605726599833883
Centrohelida,,,,,,,,0.0002993891245379912
Chlorobiota,,,,,,,,0.00023738246048300094
Discicristoidea,,,,,,,,0.00022803359015318407
Excavata,,,,,,,,0.00020995535294914057
Spirochaetae,,,,,,,,0.00019914220172429214
Chlamydiota,,,,,,,,0.0001956504549746015
Woesearchaeota (DHVEG-6),,,,,,,,0.00015476322690564332
Parcubacteria,,,,,,,,0.00013437593136712698
DH147-EKD10,,,,,,,,0.0001299830886820323
LKM15,,,,,,,,9.320711081835505e-05
Dinoflagellata,,,,,,,,8.537883987953248e-05
Lentisphaerota,,,,,,,,7.022916446555212e-05
Gracilibacteria,,,,,,,,6.003551669629395e-05
Phoronida,,,,,,,,4.477320429038808e-05
Omnitrophica,,,,,,,,3.992981363759138e-05
Candidatus Hydrogenedentota,,,,,,,,3.9760858149703125e-05
WWE3,,,,,,,,3.8071303270820554e-05
Sva0485,,,,,,,,3.773339229504404e-05
SR1 (Absconditabacteria),,,,,,,,3.677597786367725e-05
Aminicenantes,,,,,,,,3.54243339605712e-05
Porifera,,,,,,,,2.9060343916780186e-05
Candidatus Latescibacterota,,,,,,,,2.8102929485413397e-05
Balneolota,,,,,,,,2.725815204597211e-05
NB1-j,,,,,,,,2.7145515054046608e-05
WS6,,,,,,,,2.6920241070195598e-05
GAL15,,,,,,,,2.624441911864257e-05
Marine Benthic Group E,,,,,,,,2.5681234159015047e-05
Acanthocephala,,,,,,,,2.5118049199387524e-05
Peregrinibacteria,,,,,,,,2.3090583344728443e-05
WSA2,,,,,,,,2.1682620945659633e-05
Filasterea,,,,,,,,1.8021918708080737e-05
Ichthyosporea,,,,,,,,1.6332363829198166e-05
Bryozoa,,,,,,,,1.5994452853421652e-05
Cryptophyceae,,,,,,,,1.4980719926092112e-05
Palpitomonas,,,,,,,,1.4642808950315598e-05
Nemertea,,,,,,,,1.2953254071433029e-05
SBR1093,,,,,,,,1.2390069111805505e-05
TM6 (Dependentiae),,,,,,,,1.1151062200624954e-05
SAR324 clade(Marine group B),,,,,,,,1.0193647769258166e-05
Candidatus Omnitrophota,,,,,,,,1.0137329273295414e-05
Aerophobetes,,,,,,,,9.968373785407157e-06
Hadesarchaea,,,,,,,,9.855736793481652e-06
Aigarchaeota,,,,,,,,9.7994182975189e-06
Latescibacteria,,,,,,,,9.236233337891377e-06
Ignavibacteriota,,,,,,,,9.010959354040368e-06
Marinimicrobia (SAR406 clade),,,,,,,,8.166181914599083e-06
Marine Hydrothermal Vent Group(MHVG),,,,,,,,8.05354492267358e-06
Acetothermia,,,,,,,,8.05354492267358e-06
KSB3 (Modulibacteria),,,,,,,,7.997226426710826e-06
RBG-1 (Zixibacteria),,,,,,,,7.884589434785321e-06
Diapherotrites,,,,,,,,7.659315450934313e-06
Atribacteria,,,,,,,,6.026079068014496e-06
Nanobdellota,,,,,,,,5.293938620498716e-06
RCP2-54,,,,,,,,5.181301628573211e-06
Marine Hydrothermal Vent Group 1(MHVG-1),,,,,,,,5.068664636647707e-06
Cloacimonetes,,,,,,,,4.787072156833945e-06
Echinodermata,,,,,,,,3.9422947173926605e-06
Hemichordata,,,,,,,,3.210154269876881e-06
Miscellaneous Euryarchaeotic Group(MEG),,,,,,,,2.9285617900631195e-06
Candidatus Aminicenantota,,,,,,,,2.8722432941003674e-06
PAUC34f,,,,,,,,2.7596063021748628e-06
AC1,,,,,,,,2.3653768304355967e-06
MAST-12,,,,,,,,2.309058334472844e-06
LCP-89,,,,,,,,2.252739838510092e-06
BJ-169,,,,,,,,2.1401028465845874e-06
WPS-2,,,,,,,,2.083784350621835e-06
Breviatea,,,,,,,,2.0274658546590828e-06
Hydrogenedentes,,,,,,,,1.8585103667708258e-06
Apusomonadidae,,,,,,,,1.8021918708080735e-06
BRC1,,,,,,,,1.520599390994312e-06
Picozoa,,,,,,,,1.520599390994312e-06
FBP,,,,,,,,1.4079623990688074e-06
D4P07G08,,,,,,,,1.2390069111805505e-06
Candidatus Calescamantes,,,,,,,,1.126369919255046e-06
AK8,,,,,,,,1.126369919255046e-06
Opalinata,,,,,,,,1.126369919255046e-06
Candidate division YNPFFA,,,,,,,,1.126369919255046e-06
Orthonectida,,,,,,,,1.0700514232922937e-06
CPR2,,,,,,,,1.0137329273295414e-06
Brachiopoda,,,,,,,,1.0137329273295414e-06
Candidatus Moduliflexota,,,,,,,,9.57414431366789e-07
WS2,,,,,,,,7.884589434785322e-07
Candidatus Magasanikiibacteriota,,,,,,,,7.321404475157799e-07
WS1,,,,,,,,7.321404475157799e-07
Telonema,,,,,,,,6.758219515530276e-07
Chaetognatha,,,,,,,,6.758219515530276e-07
Ancyromonadida,,,,,,,,6.195034555902752e-07
Neocallimastigomycota,,,,,,,,5.068664636647707e-07
WA-aaa01f12,,,,,,,,4.5054796770201837e-07
Loricifera,,,,,,,,4.5054796770201837e-07
Kickxellomycotina,,,,,,,,4.5054796770201837e-07
Candidatus Rokuibacteriota,,,,,,,,4.5054796770201837e-07
Ancient Archaeal Group(AAG),,,,,,,,3.942294717392661e-07
Candidatus Moraniibacteriota,,,,,,,,3.942294717392661e-07
MSBL1,,,,,,,,3.379109757765138e-07
Prasinodermophyta,,,,,,,,3.379109757765138e-07
Bicosoecida,,,,,,,,3.379109757765138e-07
Holozoa,,,,,,,,2.815924798137615e-07
Gnathostomulida,,,,,,,,2.815924798137615e-07
Nematomorpha,,,,,,,,2.2527398385100919e-07
Halobacteriota,,,,,,,,2.2527398385100919e-07
Onychophora,,,,,,,,2.2527398385100919e-07
MD2896-B216,,,,,,,,2.2527398385100919e-07
Fervidibacteria,,,,,,,,2.2527398385100919e-07
unidentified archaeon   ,,,,,,,,1.689554878882569e-07
Parvarchaeota,,,,,,,,1.689554878882569e-07
Altiarchaeales,,,,,,,,1.689554878882569e-07
GN01,,,,,,,,1.1263699192550459e-07
RsaHf231,,,,,,,,1.1263699192550459e-07
Entomophthoromycota,,,,,,,,1.1263699192550459e-07
NAMAKO-1,,,,,,,,1.1263699192550459e-07
Ochrophyta,,,,,,,,1.1263699192550459e-07
Candidatus Kapaibacteriota,,,,,,,,1.1263699192550459e-07
Candidatus Paceibacterota,,,,,,,,1.1263699192550459e-07
Zoopagomycotina,,,,,,,,1.1263699192550459e-07
Candidatus Amesbacteria,,,,,,,,1.1263699192550459e-07
Mucoromycotina,,,,,,,,0.0
pMC2A209,,,,,,,,0.0
